Workbook

Sheet Instrumen Audit SPMI 2021
A1: NAMA AUDITI (PROGRAM STUDI / UNIT):
A2: JURUSAN / PSDKU / UNIT:
A3: Periode Audit:
F4: AUDITOR 1: | G4: AUDITOR 2:
A6: KODE STANDAR | B6: TEMUAN | C6: HASIL AMI | D6: TINDAKAN PERBAIKAN (berikan tanggapan / penjelasan terkait perbaikan yang telah dilakukan) | E6: REFERENSI / BUKTI (Berupa link) | F6: TANGGAPAN AUDITOR TERHADAP TINDAKAN PERBAIKAN | G6: TANGGAPAN AUDITOR TERHADAP TINDAKAN PERBAIKAN | H6: VALIDASI

Sheet Hasil AMI  Tindak lanjut
A1: KEMENTERIAN PENDIDIKAN TINGGI, SAINS,
A2: DAN TEKNOLOGI
A3: POLITEKNIK NEGERI MALANG
A4: PENJAMINAN MUTU DAN PENGEMBANGAN PEMBELAJARAN
A5: Jalan Soekarno Hatta Nomor 9 Jatimulyo, Lowokwaru, Malang 65141
A6: Telepon (0341) 404424, 404425, Faksimile (0341) 404420
A7: Laman www.polinema.ac.id
A8: FORM HASIL PERMINTAAN TINDAKAN PERBAIKAN & PENCEGAHAN (PTPP)
B9: [ V ] Internal Audit | C9: [ ] Eksternal Audit | D9: [ ] Tinjauan Manajemen | E9: [ ] Keluhan Pelanggan
B10: Lokasi: | C10: ='Instrumen Audit SPMI 2021'!B1&" "&'Instrumen Audit SPMI 2021'!B2 | E10: Tanggal:
A11: NO. | B11: TEMUAN | C11: PENYEBAB KETIDAK SESUAIAN | D11: TINDAKAN PERBAIKAN | E11: TINDAKAN PENCEGAHAN | F11: PEMERIKSAAN
F12: DUE DATE | G12: STATUS
A41: ='Instrumen Audit SPMI 2021'!A35 -> 0 | B41: - | C41: - | D41: - | E41: =IF(G41="open","Monev Prodi"," ") | F41: =IF(G41="open",'Instrumen Audit SPMI 2021'!$B$3," ") | G41: ='Instrumen Audit SPMI 2021'!H35 -> 0
A42: ='Instrumen Audit SPMI 2021'!A36 -> 0 | B42: ='Instrumen Audit SPMI 2021'!B36 -> 0 | C42: ='Instrumen Audit SPMI 2021'!C36 -> 0 | D42: ='Instrumen Audit SPMI 2021'!F36 -> 0 | E42: =IF(G42="open","Monev Prodi"," ") | F42: =IF(G42="open",'Instrumen Audit SPMI 2021'!$B$3," ") | G42: ='Instrumen Audit SPMI 2021'!H36 -> 0
A43: ='Instrumen Audit SPMI 2021'!A37 -> 0 | B43: ='Instrumen Audit SPMI 2021'!B37 -> 0 | C43: ='Instrumen Audit SPMI 2021'!C37 -> 0 | D43: ='Instrumen Audit SPMI 2021'!F37 -> 0 | E43: =IF(G43="open","Monev Prodi"," ") | F43: =IF(G43="open",'Instrumen Audit SPMI 2021'!$B$3," ") | G43: ='Instrumen Audit SPMI 2021'!H37 -> 0
A44: ='Instrumen Audit SPMI 2021'!A38 -> 0 | B44: ='Instrumen Audit SPMI 2021'!B38 -> 0 | C44: ='Instrumen Audit SPMI 2021'!C38 -> 0 | D44: ='Instrumen Audit SPMI 2021'!F38 -> 0 | E44: =IF(G44="open","Monev Prodi"," ") | F44: =IF(G44="open",'Instrumen Audit SPMI 2021'!$B$3," ") | G44: ='Instrumen Audit SPMI 2021'!H38 -> 0
A45: ='Instrumen Audit SPMI 2021'!A39 -> 0 | B45: ='Instrumen Audit SPMI 2021'!B39 -> 0 | C45: ='Instrumen Audit SPMI 2021'!C39 -> 0 | D45: ='Instrumen Audit SPMI 2021'!F39 -> 0 | E45: =IF(G45="open","Monev Prodi"," ") | F45: =IF(G45="open",'Instrumen Audit SPMI 2021'!$B$3," ") | G45: ='Instrumen Audit SPMI 2021'!H39 -> 0
A46: ='Instrumen Audit SPMI 2021'!A40 -> 0 | B46: ='Instrumen Audit SPMI 2021'!B40 -> 0 | C46: ='Instrumen Audit SPMI 2021'!C40 -> 0 | D46: ='Instrumen Audit SPMI 2021'!F40 -> 0 | E46: =IF(G46="open","Monev Prodi"," ") | F46: =IF(G46="open",'Instrumen Audit SPMI 2021'!$B$3," ") | G46: ='Instrumen Audit SPMI 2021'!H40 -> 0
A47: ='Instrumen Audit SPMI 2021'!A41 -> 0 | B47: ='Instrumen Audit SPMI 2021'!B41 -> 0 | C47: ='Instrumen Audit SPMI 2021'!C41 -> 0 | D47: ='Instrumen Audit SPMI 2021'!F41 -> 0 | E47: =IF(G47="open","Monev Prodi"," ") | F47: =IF(G47="open",'Instrumen Audit SPMI 2021'!$B$3," ") | G47: ='Instrumen Audit SPMI 2021'!H41 -> 0
A48: ='Instrumen Audit SPMI 2021'!A42 -> 0 | B48: ='Instrumen Audit SPMI 2021'!B42 -> 0 | C48: ='Instrumen Audit SPMI 2021'!C42 -> 0 | D48: ='Instrumen Audit SPMI 2021'!F42 -> 0 | E48: =IF(G48="open","Monev Prodi"," ") | F48: =IF(G48="open",'Instrumen Audit SPMI 2021'!$B$3," ") | G48: ='Instrumen Audit SPMI 2021'!H42 -> 0
A49: ='Instrumen Audit SPMI 2021'!A43 -> 0 | B49: ='Instrumen Audit SPMI 2021'!B43 -> 0 | C49: ='Instrumen Audit SPMI 2021'!C43 -> 0 | D49: ='Instrumen Audit SPMI 2021'!F43 -> 0 | E49: =IF(G49="open","Monev Prodi"," ") | F49: =IF(G49="open",'Instrumen Audit SPMI 2021'!$B$3," ") | G49: ='Instrumen Audit SPMI 2021'!H43 -> 0
A50: ='Instrumen Audit SPMI 2021'!A44 -> 0 | B50: ='Instrumen Audit SPMI 2021'!B44 -> 0 | C50: ='Instrumen Audit SPMI 2021'!C44 -> 0 | D50: ='Instrumen Audit SPMI 2021'!F44 -> 0 | E50: =IF(G50="open","Monev Prodi"," ") | F50: =IF(G50="open",'Instrumen Audit SPMI 2021'!$B$3," ") | G50: ='Instrumen Audit SPMI 2021'!H44 -> 0
A51: ='Instrumen Audit SPMI 2021'!A45 -> 0 | B51: ='Instrumen Audit SPMI 2021'!B45 -> 0 | C51: ='Instrumen Audit SPMI 2021'!C45 -> 0 | D51: ='Instrumen Audit SPMI 2021'!F45 -> 0 | E51: =IF(G51="open","Monev Prodi"," ") | F51: =IF(G51="open",'Instrumen Audit SPMI 2021'!$B$3," ") | G51: ='Instrumen Audit SPMI 2021'!H45 -> 0
A52: ='Instrumen Audit SPMI 2021'!A46 -> 0 | B52: ='Instrumen Audit SPMI 2021'!B46 -> 0 | C52: ='Instrumen Audit SPMI 2021'!C46 -> 0 | D52: ='Instrumen Audit SPMI 2021'!F46 -> 0 | E52: =IF(G52="open","Monev Prodi"," ") | F52: =IF(G52="open",'Instrumen Audit SPMI 2021'!$B$3," ") | G52: ='Instrumen Audit SPMI 2021'!H46 -> 0
A53: ='Instrumen Audit SPMI 2021'!A47 -> 0 | B53: ='Instrumen Audit SPMI 2021'!B47 -> 0 | C53: ='Instrumen Audit SPMI 2021'!C47 -> 0 | D53: ='Instrumen Audit SPMI 2021'!F47 -> 0 | E53: =IF(G53="open","Monev Prodi"," ") | F53: =IF(G53="open",'Instrumen Audit SPMI 2021'!$B$3," ") | G53: ='Instrumen Audit SPMI 2021'!H47 -> 0
... A105: ='Instrumen Audit SPMI 2021'!A99 -> 0 | B105: ='Instrumen Audit SPMI 2021'!B99 -> 0 | C105: ='Instrumen Audit SPMI 2021'!C99 -> 0 | D105: ='Instrumen Audit SPMI 2021'!F99 -> 0 | E105: =IF(G105="open","Monev Prodi"," ") | F105: =IF(G105="open",'Instrumen Audit SPMI 2021'!$B$3," ") | G105: ='Instrumen Audit SPMI 2021'!H99 -> 0
E107: Penanggungjawab/ Pelaksana/Auditee | F107: Pengawas / Auditor

Sheet PTPP
A1: KEMENTERIAN PENDIDIKAN TINGGI, SAINS,
A2: DAN TEKNOLOGI
A3: POLITEKNIK NEGERI MALANG
A4: PENJAMINAN MUTU DAN PENGEMBANGAN PEMBELAJARAN
A5: Jalan Soekarno Hatta Nomor 9 Jatimulyo, Lowokwaru, Malang 65141
A6: Telepon (0341) 404424, 404425, Faksimile (0341) 404420
A7: Laman www.polinema.ac.id
A9: FORM PERMINTAAN TINDAKAN PERBAIKAN DAN PENCEGAHAN (PTPP)
A10: AUDITI:
A11: ='Hasil AMI Tindak lanjut'!C10
A12: PELAKSANAAN AUDIT: | D12: RUANG LINGKUP: | I12: TANGGAL AUDIT:
A14: WAKIL AUDITI: | D14: Auditor 1: | I14: Auditor 2:
A16: DISTRIBUSI: | F16: AUDITI | G16: V | H16: AUDITOR | I16: V | J16: P2MPP | K16: V | L16: ARSIP | M16: V
A18: STANDAR | B18: INDIKATOR | C18: HASIL AUDIT | D18: AKAR MASALAH | E18: AKIBAT | F18: KETERCAPAIAN STANDAR | G18: TANGGAPAN AUDITI | H18: RENCANA PERBAIKAN | I18: JADWAL PERBAIKAN | J18: PENANGGUNG JAWAB | K18: RENCANA PENCEGAHAN | L18: JADWAL PENCEGAHAN | M18: KONDISI
A19: ='Hasil AMI Tindak lanjut'!A13 -> 0 | B19: ='Instrumen Audit SPMI 2021'!B7 -> 0 | C19: ='Hasil AMI Tindak lanjut'!C13 -> 0 | D19: ='Hasil AMI Tindak lanjut'!D13 -> 0 | E19: =IF(F19="TIDAK TERCAPAI","TIDAK SESUAI SPMI","-") -> TIDAK SESUAI SPMI | F19: =IF(M19="CLOSED","Tercapai","Tidak Tercapai") -> Tidak Tercapai | G19: =IF(F19="TIDAK TERCAPAI","SETUJU","-") -> SETUJU | H19: =IF(F19="TIDAK TERCAPAI","Perbaikan sesuai standar SPMI dan hasil tinjauan manajemen ","-") -> Perbaikan sesuai standar SPMI dan hasil tinjauan manajemen | I19: =IF(F19="TIDAK TERCAPAI","PERIODE AMI BERIKUTNYA","-") -> PERIODE AMI BERIKUTNYA | J19: =IF(F19="TIDAK TERCAPAI","KPS","-") -> KPS | K19: =IF(F19="TIDAK TERCAPAI","Monev Prodi","-") -> Monev Prodi | M19: ='Hasil AMI Tindak lanjut'!G13 -> 0
A35: 45876 | B35: Tersedianya dokumen pemantauan dan evaluasi (hasil audit, hasil pengukuran kepuasan mahasiswa) secara periodik terhadap Program Studi dalam melaksanakan kegiatan Pembelajaran dalam rangka menjaga dan meningkatkan mutu proses pembelajaran. | C35: ='Hasil AMI Tindak lanjut'!D41 -> - | D35: ='Hasil AMI Tindak lanjut'!D41 -> - | E35: =IF(F35="TIDAK TERCAPAI","TIDAK SESUAI SPMI","-") -> TIDAK SESUAI SPMI | F35: =IF(M35="CLOSED","Tercapai","Tidak Tercapai") -> Tidak Tercapai | G35: =IF(F35="TIDAK TERCAPAI","SETUJU","-") -> SETUJU | H35: =IF(F35="TIDAK TERCAPAI","Perbaikan sesuai standar SPMI dan hasil tinjauan manajemen ","-") -> Perbaikan sesuai standar SPMI dan hasil tinjauan manajemen | I35: =IF(F35="TIDAK TERCAPAI","PERIODE AMI BERIKUTNYA","-") -> PERIODE AMI BERIKUTNYA | J35: =IF(F35="TIDAK TERCAPAI","KPS","-") -> KPS | K35: =IF(F35="TIDAK TERCAPAI","Monev Prodi","-") -> Monev Prodi | M35: ='Hasil AMI Tindak lanjut'!G41 -> 0
A36: ='Hasil AMI Tindak lanjut'!A42 -> 0 | B36: ='Instrumen Audit SPMI 2021'!B36 -> 0 | C36: ='Hasil AMI Tindak lanjut'!D42 -> 0 | D36: ='Hasil AMI Tindak lanjut'!D42 -> 0 | E36: =IF(F36="TIDAK TERCAPAI","TIDAK SESUAI SPMI","-") -> TIDAK SESUAI SPMI | F36: =IF(M36="CLOSED","Tercapai","Tidak Tercapai") -> Tidak Tercapai | G36: =IF(F36="TIDAK TERCAPAI","SETUJU","-") -> SETUJU | H36: =IF(F36="TIDAK TERCAPAI","Perbaikan sesuai standar SPMI dan hasil tinjauan manajemen ","-") -> Perbaikan sesuai standar SPMI dan hasil tinjauan manajemen | I36: =IF(F36="TIDAK TERCAPAI","PERIODE AMI BERIKUTNYA","-") -> PERIODE AMI BERIKUTNYA | J36: =IF(F36="TIDAK TERCAPAI","KPS","-") -> KPS | K36: =IF(F36="TIDAK TERCAPAI","Monev Prodi","-") -> Monev Prodi | M36: ='Hasil AMI Tindak lanjut'!G42 -> 0
A37: ='Hasil AMI Tindak lanjut'!A43 -> 0 | B37: ='Instrumen Audit SPMI 2021'!B37 -> 0 | C37: ='Hasil AMI Tindak lanjut'!D43 -> 0 | D37: ='Hasil AMI Tindak lanjut'!D43 -> 0 | E37: =IF(F37="TIDAK TERCAPAI","TIDAK SESUAI SPMI","-") -> TIDAK SESUAI SPMI | F37: =IF(M37="CLOSED","Tercapai","Tidak Tercapai") -> Tidak Tercapai | G37: =IF(F37="TIDAK TERCAPAI","SETUJU","-") -> SETUJU | H37: =IF(F37="TIDAK TERCAPAI","Perbaikan sesuai standar SPMI dan hasil tinjauan manajemen ","-") -> Perbaikan sesuai standar SPMI dan hasil tinjauan manajemen | I37: =IF(F37="TIDAK TERCAPAI","PERIODE AMI BERIKUTNYA","-") -> PERIODE AMI BERIKUTNYA | J37: =IF(F37="TIDAK TERCAPAI","KPS","-") -> KPS | K37: =IF(F37="TIDAK TERCAPAI","Monev Prodi","-") -> Monev Prodi | M37: ='Hasil AMI Tindak lanjut'!G43 -> 0
A38: ='Hasil AMI Tindak lanjut'!A44 -> 0 | B38: ='Instrumen Audit SPMI 2021'!B38 -> 0 | C38: ='Hasil AMI Tindak lanjut'!D44 -> 0 | D38: ='Hasil AMI Tindak lanjut'!D44 -> 0 | E38: =IF(F38="TIDAK TERCAPAI","TIDAK SESUAI SPMI","-") -> TIDAK SESUAI SPMI | F38: =IF(M38="CLOSED","Tercapai","Tidak Tercapai") -> Tidak Tercapai | G38: =IF(F38="TIDAK TERCAPAI","SETUJU","-") -> SETUJU | H38: =IF(F38="TIDAK TERCAPAI","Perbaikan sesuai standar SPMI dan hasil tinjauan manajemen ","-") -> Perbaikan sesuai standar SPMI dan hasil tinjauan manajemen | I38: =IF(F38="TIDAK TERCAPAI","PERIODE AMI BERIKUTNYA","-") -> PERIODE AMI BERIKUTNYA | J38: =IF(F38="TIDAK TERCAPAI","KPS","-") -> KPS | K38: =IF(F38="TIDAK TERCAPAI","Monev Prodi","-") -> Monev Prodi | M38: ='Hasil AMI Tindak lanjut'!G44 -> 0
A39: ='Hasil AMI Tindak lanjut'!A45 -> 0 | B39: ='Instrumen Audit SPMI 2021'!B39 -> 0 | C39: ='Hasil AMI Tindak lanjut'!D45 -> 0 | D39: ='Hasil AMI Tindak lanjut'!D45 -> 0 | E39: =IF(F39="TIDAK TERCAPAI","TIDAK SESUAI SPMI","-") -> TIDAK SESUAI SPMI | F39: =IF(M39="CLOSED","Tercapai","Tidak Tercapai") -> Tidak Tercapai | G39: =IF(F39="TIDAK TERCAPAI","SETUJU","-") -> SETUJU | H39: =IF(F39="TIDAK TERCAPAI","Perbaikan sesuai standar SPMI dan hasil tinjauan manajemen ","-") -> Perbaikan sesuai standar SPMI dan hasil tinjauan manajemen | I39: =IF(F39="TIDAK TERCAPAI","PERIODE AMI BERIKUTNYA","-") -> PERIODE AMI BERIKUTNYA | J39: =IF(F39="TIDAK TERCAPAI","KPS","-") -> KPS | K39: =IF(F39="TIDAK TERCAPAI","Monev Prodi","-") -> Monev Prodi | M39: ='Hasil AMI Tindak lanjut'!G45 -> 0
A40: ='Hasil AMI Tindak lanjut'!A46 -> 0 | B40: ='Instrumen Audit SPMI 2021'!B40 -> 0 | C40: ='Hasil AMI Tindak lanjut'!D46 -> 0 | D40: ='Hasil AMI Tindak lanjut'!D46 -> 0 | E40: =IF(F40="TIDAK TERCAPAI","TIDAK SESUAI SPMI","-") -> TIDAK SESUAI SPMI | F40: =IF(M40="CLOSED","Tercapai","Tidak Tercapai") -> Tidak Tercapai | G40: =IF(F40="TIDAK TERCAPAI","SETUJU","-") -> SETUJU | H40: =IF(F40="TIDAK TERCAPAI","Perbaikan sesuai standar SPMI dan hasil tinjauan manajemen ","-") -> Perbaikan sesuai standar SPMI dan hasil tinjauan manajemen | I40: =IF(F40="TIDAK TERCAPAI","PERIODE AMI BERIKUTNYA","-") -> PERIODE AMI BERIKUTNYA | J40: =IF(F40="TIDAK TERCAPAI","KPS","-") -> KPS | K40: =IF(F40="TIDAK TERCAPAI","Monev Prodi","-") -> Monev Prodi | M40: ='Hasil AMI Tindak lanjut'!G46 -> 0
A41: ='Hasil AMI Tindak lanjut'!A47 -> 0 | B41: ='Instrumen Audit SPMI 2021'!B41 -> 0 | C41: ='Hasil AMI Tindak lanjut'!D47 -> 0 | D41: ='Hasil AMI Tindak lanjut'!D47 -> 0 | E41: =IF(F41="TIDAK TERCAPAI","TIDAK SESUAI SPMI","-") -> TIDAK SESUAI SPMI | F41: =IF(M41="CLOSED","Tercapai","Tidak Tercapai") -> Tidak Tercapai | G41: =IF(F41="TIDAK TERCAPAI","SETUJU","-") -> SETUJU | H41: =IF(F41="TIDAK TERCAPAI","Perbaikan sesuai standar SPMI dan hasil tinjauan manajemen ","-") -> Perbaikan sesuai standar SPMI dan hasil tinjauan manajemen | I41: =IF(F41="TIDAK TERCAPAI","PERIODE AMI BERIKUTNYA","-") -> PERIODE AMI BERIKUTNYA | J41: =IF(F41="TIDAK TERCAPAI","KPS","-") -> KPS | K41: =IF(F41="TIDAK TERCAPAI","Monev Prodi","-") -> Monev Prodi | M41: ='Hasil AMI Tindak lanjut'!G47 -> 0
A42: ='Hasil AMI Tindak lanjut'!A48 -> 0 | B42: ='Instrumen Audit SPMI 2021'!B42 -> 0 | C42: ='Hasil AMI Tindak lanjut'!D48 -> 0 | D42: ='Hasil AMI Tindak lanjut'!D48 -> 0 | E42: =IF(F42="TIDAK TERCAPAI","TIDAK SESUAI SPMI","-") -> TIDAK SESUAI SPMI | F42: =IF(M42="CLOSED","Tercapai","Tidak Tercapai") -> Tidak Tercapai | G42: =IF(F42="TIDAK TERCAPAI","SETUJU","-") -> SETUJU | H42: =IF(F42="TIDAK TERCAPAI","Perbaikan sesuai standar SPMI dan hasil tinjauan manajemen ","-") -> Perbaikan sesuai standar SPMI dan hasil tinjauan manajemen | I42: =IF(F42="TIDAK TERCAPAI","PERIODE AMI BERIKUTNYA","-") -> PERIODE AMI BERIKUTNYA | J42: =IF(F42="TIDAK TERCAPAI","KPS","-") -> KPS | K42: =IF(F42="TIDAK TERCAPAI","Monev Prodi","-") -> Monev Prodi | M42: ='Hasil AMI Tindak lanjut'!G48 -> 0
A43: ='Hasil AMI Tindak lanjut'!A49 -> 0 | B43: ='Instrumen Audit SPMI 2021'!B43 -> 0 | C43: ='Hasil AMI Tindak lanjut'!D49 -> 0 | D43: ='Hasil AMI Tindak lanjut'!D49 -> 0 | E43: =IF(F43="TIDAK TERCAPAI","TIDAK SESUAI SPMI","-") -> TIDAK SESUAI SPMI | F43: =IF(M43="CLOSED","Tercapai","Tidak Tercapai") -> Tidak Tercapai | G43: =IF(F43="TIDAK TERCAPAI","SETUJU","-") -> SETUJU | H43: =IF(F43="TIDAK TERCAPAI","Perbaikan sesuai standar SPMI dan hasil tinjauan manajemen ","-") -> Perbaikan sesuai standar SPMI dan hasil tinjauan manajemen | I43: =IF(F43="TIDAK TERCAPAI","PERIODE AMI BERIKUTNYA","-") -> PERIODE AMI BERIKUTNYA | J43: =IF(F43="TIDAK TERCAPAI","KPS","-") -> KPS | K43: =IF(F43="TIDAK TERCAPAI","Monev Prodi","-") -> Monev Prodi | M43: ='Hasil AMI Tindak lanjut'!G49 -> 0
A44: ='Hasil AMI Tindak lanjut'!A50 -> 0 | B44: ='Instrumen Audit SPMI 2021'!B44 -> 0 | C44: ='Hasil AMI Tindak lanjut'!D50 -> 0 | D44: ='Hasil AMI Tindak lanjut'!D50 -> 0 | E44: =IF(F44="TIDAK TERCAPAI","TIDAK SESUAI SPMI","-") -> TIDAK SESUAI SPMI | F44: =IF(M44="CLOSED","Tercapai","Tidak Tercapai") -> Tidak Tercapai | G44: =IF(F44="TIDAK TERCAPAI","SETUJU","-") -> SETUJU | H44: =IF(F44="TIDAK TERCAPAI","Perbaikan sesuai standar SPMI dan hasil tinjauan manajemen ","-") -> Perbaikan sesuai standar SPMI dan hasil tinjauan manajemen | I44: =IF(F44="TIDAK TERCAPAI","PERIODE AMI BERIKUTNYA","-") -> PERIODE AMI BERIKUTNYA | J44: =IF(F44="TIDAK TERCAPAI","KPS","-") -> KPS | K44: =IF(F44="TIDAK TERCAPAI","Monev Prodi","-") -> Monev Prodi | M44: ='Hasil AMI Tindak lanjut'!G50 -> 0
A45: ='Hasil AMI Tindak lanjut'!A51 -> 0 | B45: ='Instrumen Audit SPMI 2021'!B45 -> 0 | C45: ='Hasil AMI Tindak lanjut'!D51 -> 0 | D45: ='Hasil AMI Tindak lanjut'!D51 -> 0 | E45: =IF(F45="TIDAK TERCAPAI","TIDAK SESUAI SPMI","-") -> TIDAK SESUAI SPMI | F45: =IF(M45="CLOSED","Tercapai","Tidak Tercapai") -> Tidak Tercapai | G45: =IF(F45="TIDAK TERCAPAI","SETUJU","-") -> SETUJU | H45: =IF(F45="TIDAK TERCAPAI","Perbaikan sesuai standar SPMI dan hasil tinjauan manajemen ","-") -> Perbaikan sesuai standar SPMI dan hasil tinjauan manajemen | I45: =IF(F45="TIDAK TERCAPAI","PERIODE AMI BERIKUTNYA","-") -> PERIODE AMI BERIKUTNYA | J45: =IF(F45="TIDAK TERCAPAI","KPS","-") -> KPS | K45: =IF(F45="TIDAK TERCAPAI","Monev Prodi","-") -> Monev Prodi | M45: ='Hasil AMI Tindak lanjut'!G51 -> 0
A46: ='Hasil AMI Tindak lanjut'!A52 -> 0 | B46: ='Instrumen Audit SPMI 2021'!B46 -> 0 | C46: ='Hasil AMI Tindak lanjut'!D52 -> 0 | D46: ='Hasil AMI Tindak lanjut'!D52 -> 0 | E46: =IF(F46="TIDAK TERCAPAI","TIDAK SESUAI SPMI","-") -> TIDAK SESUAI SPMI | F46: =IF(M46="CLOSED","Tercapai","Tidak Tercapai") -> Tidak Tercapai | G46: =IF(F46="TIDAK TERCAPAI","SETUJU","-") -> SETUJU | H46: =IF(F46="TIDAK TERCAPAI","Perbaikan sesuai standar SPMI dan hasil tinjauan manajemen ","-") -> Perbaikan sesuai standar SPMI dan hasil tinjauan manajemen | I46: =IF(F46="TIDAK TERCAPAI","PERIODE AMI BERIKUTNYA","-") -> PERIODE AMI BERIKUTNYA | J46: =IF(F46="TIDAK TERCAPAI","KPS","-") -> KPS | K46: =IF(F46="TIDAK TERCAPAI","Monev Prodi","-") -> Monev Prodi | M46: ='Hasil AMI Tindak lanjut'!G52 -> 0
A47: ='Hasil AMI Tindak lanjut'!A53 -> 0 | B47: ='Instrumen Audit SPMI 2021'!B47 -> 0 | C47: ='Hasil AMI Tindak lanjut'!D53 -> 0 | D47: ='Hasil AMI Tindak lanjut'!D53 -> 0 | E47: =IF(F47="TIDAK TERCAPAI","TIDAK SESUAI SPMI","-") -> TIDAK SESUAI SPMI | F47: =IF(M47="CLOSED","Tercapai","Tidak Tercapai") -> Tidak Tercapai | G47: =IF(F47="TIDAK TERCAPAI","SETUJU","-") -> SETUJU | H47: =IF(F47="TIDAK TERCAPAI","Perbaikan sesuai standar SPMI dan hasil tinjauan manajemen ","-") -> Perbaikan sesuai standar SPMI dan hasil tinjauan manajemen | I47: =IF(F47="TIDAK TERCAPAI","PERIODE AMI BERIKUTNYA","-") -> PERIODE AMI BERIKUTNYA | J47: =IF(F47="TIDAK TERCAPAI","KPS","-") -> KPS | K47: =IF(F47="TIDAK TERCAPAI","Monev Prodi","-") -> Monev Prodi | M47: ='Hasil AMI Tindak lanjut'!G53 -> 0
... A87: ='Hasil AMI Tindak lanjut'!A93 -> 0 | B87: ='Instrumen Audit SPMI 2021'!B87 -> 0 | C87: ='Hasil AMI Tindak lanjut'!D93 -> 0 | D87: ='Hasil AMI Tindak lanjut'!D93 -> 0 | E87: =IF(F87="TIDAK TERCAPAI","TIDAK SESUAI SPMI","-") -> TIDAK SESUAI SPMI | F87: =IF(M87="CLOSED","Tercapai","Tidak Tercapai") -> Tidak Tercapai | G87: =IF(F87="TIDAK TERCAPAI","SETUJU","-") -> SETUJU | H87: =IF(F87="TIDAK TERCAPAI","Perbaikan sesuai standar SPMI dan hasil tinjauan manajemen ","-") -> Perbaikan sesuai standar SPMI dan hasil tinjauan manajemen | I87: =IF(F87="TIDAK TERCAPAI","PERIODE AMI BERIKUTNYA","-") -> PERIODE AMI BERIKUTNYA | J87: =IF(F87="TIDAK TERCAPAI","KPS","-") -> KPS | K87: =IF(F87="TIDAK TERCAPAI","Monev Prodi","-") -> Monev Prodi | M87: ='Hasil AMI Tindak lanjut'!G93 -> 0
A89: TEMPAT PERSETUJUAN
A90: PIMPINAN AUDITI: | E90: TANDA TANGAN: | G90: AUDITOR: | L90: TANDA TANGAN:
A91: DIREVIEW OLEH:
A92: KETUA P2MPP: | C92: Lead Auditor: | G92: TANDA TANGAN:
